player_id,player_name,position,has_beard,has_mustache,is_redhead
00-0023459,Aaron Rodgers,QB,True,True,False
00-0026158,Joe Flacco,QB,True,True,False
00-0026190,Calais Campbell,DL,True,True,False
00-0026300,Josh Johnson,QB,True,True,False
00-0026498,Matthew Stafford,QB,True,True,False
00-0026625,Brian Hoyer,QB,True,True,False
00-0027647,Devin McCourty,DB,True,True,False
00-0027688,Colt McCoy,QB,False,False,False
00-0027723,Al Woods,DL,True,True,False
00-0027862,Tyson Alualu,DL,True,True,False
00-0027865,Brandon Graham,DL,True,True,False
00-0027867,Jason Pierre-Paul,DL,True,True,False
00-0027872,Kareem Jackson,DB,True,True,False
00-0027881,Jerry Hughes,DL,True,True,False
00-0027885,Linval Joseph,DL,True,True,False
00-0027940,Von Miller,LB,True,True,False
00-0027943,Patrick Peterson,DB,True,True,False
00-0027948,Blaine Gabbert,QB,True,True,False
00-0027962,Cameron Jordan,DL,True,True,False
00-0027969,Cameron Heyward,DL,True,True,False
00-0027973,Andy Dalton,QB,True,True,True
00-0028008,Justin Houston,LB,True,True,False
00-0028118,Tyrod Taylor,QB,True,True,False
00-0028171,Lawrence Guy,DL,True,True,False
00-0028292,Nick Bellore,LB,True,True,False
00-0028899,Rodney McLeod Jr.,DB,True,True,False
00-0028908,Michael Thomas,DB,True,True,False
00-0028924,Tashaun Gipson,DB,True,True,False
00-0028986,Case Keenum,QB,True,True,False
00-0029193,Bruce Irvin,LB,True,True,False
00-0029249,Melvin Ingram,LB,True,True,False
00-0029255,Bobby Wagner,LB,True,True,False
00-0029263,Russell Wilson,QB,True,True,False
00-0029285,Josh Norman,DB,True,True,False
00-0029530,Justin Bethel,DB,True,True,False
00-0029542,Stephon Gilmore,DB,True,True,False
00-0029562,Lavonte David,LB,True,True,False
00-0029585,Chandler Jones,DL,True,True,False
00-0029604,Kirk Cousins,QB,True,True,False
00-0029606,Harrison Smith,DB,True,True,False
00-0029607,Demario Davis,LB,True,True,False
00-0029653,Fletcher Cox,DL,True,True,False
00-0029701,Ryan Tannehill,QB,True,False,False
00-0029764,Cody Davis,DB,False,False,False
00-0029890,Mike Purcell,DL,True,True,False
00-0030062,Darius Slay,DB,True,True,False
00-0030063,Johnathan Hankins,DL,True,True,False
00-0030070,John Jenkins,DL,True,True,False
00-0030090,Micah Hyde,DB,True,True,False
00-0030114,Jordan Poyer,DB,True,True,False
00-0030383,Duron Harmon,DB,True,True,False
00-0030386,William Gholston,DL,True,True,False
00-0030411,Logan Ryan,DB,True,True,False
00-0030459,Tyrann Mathieu,DB,True,True,False
00-0030463,A.J. Klein,LB,True,True,False
00-0030500,Nicholas Williams,DL,False,True,False
00-0030533,Matt Barkley,QB,True,True,False
00-0030565,Geno Smith,QB,True,True,False
00-0030665,Daniel Sorensen,DB,False,False,False
00-0030757,Mike Pennel,DL,True,True,False
00-0030946,Kerry Hyder,DL,True,True,False
00-0031040,Khalil Mack,DL,True,True,False
00-0031097,Terrance Mitchell,DB,True,True,False
00-0031101,Shaquil Barrett,LB,True,True,False
00-0031237,Teddy Bridgewater,QB,True,False,False
00-0031253,K'Waun Williams,DB,True,True,False
00-0031256,Anthony Barr,LB,True,True,False
00-0031280,Derek Carr,QB,True,True,False
00-0031288,AJ McCarron,QB,True,True,False
00-0031296,C.J. Mosley,LB,True,True,False
00-0031345,Jimmy Garoppolo,QB,True,False,False
00-0031360,Kyle Van Noy,LB,True,True,False
00-0031361,Christian Kirksey,LB,True,True,False
00-0031364,Jadeveon Clowney,LB,True,True,False
00-0031503,Jameis Winston,QB,False,False,False
00-0031550,Shaq Thompson,LB,True,True,False
00-0031554,Eric Kendricks,LB,True,True,False
00-0031565,Danielle Hunter,LB,True,True,False
00-0031566,Trey Flowers,LB,True,True,False
00-0031596,David Mayo,LB,True,True,False
00-0035289,Gardner Minshew,QB,False,True,False
00-0034177,00-0034177,Unknown,True,True,False
00-0035282,00-0035282,Unknown,False,False,False
00-0034771,00-0034771,Unknown,False,False,False
00-0033949,00-0033949,Unknown,False,False,False
00-0031800,00-0031800,Unknown,True,True,False
00-0034869,00-0034869,Unknown,True,True,True
00-0034855,00-0034855,Unknown,True,True,False
00-0034857,00-0034857,Unknown,True,True,False
00-0033319,00-0033319,Unknown,False,False,False
00-0033537,00-0033537,Unknown,True,True,False
00-0033873,00-0033873,Unknown,True,True,False
00-0033119,00-0033119,Unknown,True,True,False
00-0033869,00-0033869,Unknown,True,True,False
00-0035228,00-0035228,Unknown,True,True,False
00-0033077,00-0033077,Unknown,True,True,False
00-0033936,00-0033936,Unknown,True,True,True
00-0033275,00-0033275,Unknown,True,True,False
00-0032156,00-0032156,Unknown,False,False,False
00-0033106,00-0033106,Unknown,True,False,False
00-0033662,00-0033662,Unknown,True,True,True
00-0035704,00-0035704,Unknown,True,True,False
00-0032268,00-0032268,Unknown,True,True,False
00-0035100,00-0035100,Unknown,True,True,False
00-0034796,00-0034796,Unknown,True,True,False
00-0035264,00-0035264,Unknown,True,True,False
00-0031054,00-0031054,Unknown,True,True,False
00-0031177,00-0031177,Unknown,False,False,False
00-0031254,00-0031254,Unknown,True,True,False
00-0031270,00-0031270,Unknown,True,True,False
00-0031357,00-0031357,Unknown,True,True,False
00-0031372,00-0031372,Unknown,True,True,False
00-0031388,00-0031388,Unknown,True,True,False
00-0031404,00-0031404,Unknown,True,True,False
00-0031411,00-0031411,Unknown,True,True,False
00-0031551,00-0031551,Unknown,True,True,False
00-0031555,00-0031555,Unknown,True,True,False
00-0031557,00-0031557,Unknown,True,True,False
00-0031576,00-0031576,Unknown,True,True,False
00-0031583,00-0031583,Unknown,True,True,False
00-0031584,00-0031584,Unknown,True,True,False
00-0031608,00-0031608,Unknown,True,True,False
00-0031740,00-0031740,Unknown,True,True,False
00-0031785,00-0031785,Unknown,True,True,False
00-0031795,00-0031795,Unknown,True,True,False
00-0031870,00-0031870,Unknown,True,True,False
00-0031898,00-0031898,Unknown,True,True,False
00-0031933,00-0031933,Unknown,True,True,False
00-0031935,00-0031935,Unknown,True,True,False
00-0031938,00-0031938,Unknown,True,True,False
00-0031957,00-0031957,Unknown,True,True,False
00-0032052,00-0032052,Unknown,True,True,False
00-0032103,00-0032103,Unknown,True,True,False
00-0032127,00-0032127,Unknown,True,True,False
00-0032129,00-0032129,Unknown,True,True,False
00-0032146,00-0032146,Unknown,True,True,False
00-0032150,00-0032150,Unknown,True,True,False
00-0032164,00-0032164,Unknown,True,True,False
00-0032165,00-0032165,Unknown,False,True,False
00-0032195,00-0032195,Unknown,True,True,False
00-0032197,00-0032197,Unknown,True,True,False
00-0032366,00-0032366,Unknown,True,True,True
00-0032378,00-0032378,Unknown,True,True,False
00-0032379,00-0032379,Unknown,True,True,False
00-0032387,00-0032387,Unknown,True,True,False
00-0032388,00-0032388,Unknown,True,True,False
00-0032399,00-0032399,Unknown,True,True,False
00-0032401,00-0032401,Unknown,True,True,False
00-0032415,00-0032415,Unknown,True,True,False
00-0032424,00-0032424,Unknown,True,True,False
00-0032434,00-0032434,Unknown,True,True,False
00-0032437,00-0032437,Unknown,True,True,False
00-0032442,00-0032442,Unknown,True,True,False
00-0032454,00-0032454,Unknown,True,True,False
00-0032521,00-0032521,Unknown,False,False,False
00-0032574,00-0032574,Unknown,True,True,False
00-0032580,00-0032580,Unknown,True,True,False
00-0032655,00-0032655,Unknown,False,True,False
00-0032667,00-0032667,Unknown,True,True,False
00-0032671,00-0032671,Unknown,True,True,False
00-0032759,00-0032759,Unknown,True,True,False
00-0032762,00-0032762,Unknown,True,True,False
00-0032763,00-0032763,Unknown,True,True,False
00-0032774,00-0032774,Unknown,True,True,False
00-0032790,00-0032790,Unknown,True,True,False
00-0032803,00-0032803,Unknown,True,True,False
00-0032889,00-0032889,Unknown,True,True,False
00-0032890,00-0032890,Unknown,True,True,False
00-0032891,00-0032891,Unknown,True,True,False
00-0032892,00-0032892,Unknown,False,True,False
00-0032933,00-0032933,Unknown,False,True,False
00-0032939,00-0032939,Unknown,True,True,False
00-0032942,00-0032942,Unknown,True,True,False
00-0032950,00-0032950,Unknown,True,True,True
00-0032968,00-0032968,Unknown,True,True,False
00-0032971,00-0032971,Unknown,True,True,False
00-0033010,00-0033010,Unknown,True,True,False
00-0033038,00-0033038,Unknown,True,True,False
00-0033046,00-0033046,Unknown,True,True,False
00-0033051,00-0033051,Unknown,True,True,False
00-0033055,00-0033055,Unknown,True,True,False
00-0033064,00-0033064,Unknown,True,True,False
00-0033066,00-0033066,Unknown,True,True,False
00-0033072,00-0033072,Unknown,True,True,False
00-0033073,00-0033073,Unknown,True,True,False
00-0033093,00-0033093,Unknown,True,True,False
00-0033096,00-0033096,Unknown,True,True,False
00-0033103,00-0033103,Unknown,True,True,False
00-0033109,00-0033109,Unknown,True,True,False
00-0033120,00-0033120,Unknown,True,True,False
00-0033131,00-0033131,Unknown,True,True,False
00-0033132,00-0033132,Unknown,True,True,False
00-0033156,00-0033156,Unknown,True,True,False
00-0033281,00-0033281,Unknown,True,True,False
00-0033297,00-0033297,Unknown,True,True,False
00-0033302,00-0033302,Unknown,True,True,False
00-0033336,00-0033336,Unknown,True,True,False
00-0033347,00-0033347,Unknown,True,True,False
00-0033357,00-0033357,Unknown,False,False,False
00-0033381,00-0033381,Unknown,True,True,False
00-0033393,00-0033393,Unknown,True,True,False
00-0033445,00-0033445,Unknown,True,True,False
00-0033461,00-0033461,Unknown,True,True,False
00-0033463,00-0033463,Unknown,False,False,False
00-0033503,00-0033503,Unknown,True,True,False
00-0033512,00-0033512,Unknown,True,True,False
00-0033523,00-0033523,Unknown,True,True,False
00-0033543,00-0033543,Unknown,True,True,False
00-0033546,00-0033546,Unknown,True,True,False
00-0033547,00-0033547,Unknown,True,True,False
00-0033548,00-0033548,Unknown,True,False,False
00-0033557,00-0033557,Unknown,True,True,False
00-0033566,00-0033566,Unknown,True,True,False
00-0033697,00-0033697,Unknown,True,True,False
00-0033770,00-0033770,Unknown,True,True,False
00-0033784,00-0033784,Unknown,True,True,False
00-0033868,00-0033868,Unknown,True,True,False
00-0033870,00-0033870,Unknown,True,True,False
00-0033875,00-0033875,Unknown,True,True,False
00-0033876,00-0033876,Unknown,True,True,False
00-0033878,00-0033878,Unknown,True,True,False
00-0033884,00-0033884,Unknown,True,True,False
00-0033894,00-0033894,Unknown,False,False,False
00-0033902,00-0033902,Unknown,True,True,False
00-0033905,00-0033905,Unknown,True,True,False
00-0033907,00-0033907,Unknown,True,True,False
00-0033913,00-0033913,Unknown,True,True,False
00-0033918,00-0033918,Unknown,True,True,False
00-0033926,00-0033926,Unknown,False,False,False
00-0033928,00-0033928,Unknown,True,True,False
00-0033930,00-0033930,Unknown,True,True,False
00-0033935,00-0033935,Unknown,False,False,False
00-0033940,00-0033940,Unknown,True,True,False
00-0033941,00-0033941,Unknown,True,True,False
00-0033947,00-0033947,Unknown,True,True,False
00-0033952,00-0033952,Unknown,True,True,False
00-0033958,00-0033958,Unknown,True,False,False
00-0034091,00-0034091,Unknown,True,True,False
00-0034116,00-0034116,Unknown,True,True,False
00-0034163,00-0034163,Unknown,True,True,False
00-0034203,00-0034203,Unknown,True,True,False
00-0034234,00-0034234,Unknown,True,False,False
00-0034248,00-0034248,Unknown,True,True,False
00-0034251,00-0034251,Unknown,True,True,False
00-0034263,00-0034263,Unknown,True,True,False
00-0034264,00-0034264,Unknown,True,True,False
00-0034275,00-0034275,Unknown,True,True,False
00-0034277,00-0034277,Unknown,True,True,False
00-0034278,00-0034278,Unknown,True,True,False
00-0034285,00-0034285,Unknown,True,True,False
00-0034296,00-0034296,Unknown,True,True,False
00-0034302,00-0034302,Unknown,True,True,False
00-0034320,00-0034320,Unknown,True,True,False
00-0034333,00-0034333,Unknown,True,True,False
00-0034350,00-0034350,Unknown,True,True,False
00-0034355,00-0034355,Unknown,True,True,False
00-0034356,00-0034356,Unknown,True,True,False
00-0034357,00-0034357,Unknown,True,True,False
00-0034359,00-0034359,Unknown,True,True,False
00-0034360,00-0034360,Unknown,True,True,False
00-0034361,00-0034361,Unknown,True,True,False
00-0034368,00-0034368,Unknown,True,True,False
00-0034371,00-0034371,Unknown,True,True,False
00-0034373,00-0034373,Unknown,True,True,False
00-0034374,00-0034374,Unknown,True,True,False
00-0034375,00-0034375,Unknown,True,True,False
00-0034376,00-0034376,Unknown,True,True,False
00-0034377,00-0034377,Unknown,True,True,False
00-0034381,00-0034381,Unknown,True,True,False
00-0034384,00-0034384,Unknown,True,True,False
00-0034385,00-0034385,Unknown,True,True,False
00-0034387,00-0034387,Unknown,True,True,False
00-0034391,00-0034391,Unknown,True,True,False
00-0034397,00-0034397,Unknown,True,True,False
00-0034401,00-0034401,Unknown,True,False,False
00-0034413,00-0034413,Unknown,True,True,False
00-0034424,00-0034424,Unknown,True,True,False
00-0034430,00-0034430,Unknown,True,True,False
00-0034431,00-0034431,Unknown,True,True,False
00-0034438,00-0034438,Unknown,True,True,False
00-0034446,00-0034446,Unknown,False,False,False
00-0034461,00-0034461,Unknown,True,True,False
00-0034465,00-0034465,Unknown,True,True,False
00-0034468,00-0034468,Unknown,True,True,False
00-0034473,00-0034473,Unknown,True,True,False
00-0035710,00-0035710,Unknown,False,False,False
00-0035993,00-0035993,Unknown,True,True,False
00-0036212,00-0036212,Unknown,True,True,False
00-0036264,00-0036264,Unknown,True,True,False
00-0036355,00-0036355,Unknown,True,True,False
00-0036389,00-0036389,Unknown,True,True,False
00-0036442,00-0036442,Unknown,False,False,False
00-0036945,00-0036945,Unknown,True,True,False
00-0036971,00-0036971,Unknown,False,False,False
00-0036972,00-0036972,Unknown,False,False,False
00-0037012,00-0037012,Unknown,True,True,False
00-0037013,00-0037013,Unknown,False,False,False
00-0037077,00-0037077,Unknown,True,True,False
00-0037834,00-0037834,Unknown,False,False,False
00-0038102,00-0038102,Unknown,True,True,False
00-0038108,00-0038108,Unknown,False,False,False
00-0038122,00-0038122,Unknown,False,False,False
00-0038128,00-0038128,Unknown,True,True,False
00-0038400,00-0038400,Unknown,False,False,False
00-0038416,00-0038416,Unknown,False,False,False
00-0038476,00-0038476,Unknown,False,False,False
00-0038579,00-0038579,Unknown,False,True,False
00-0038583,00-0038583,Unknown,False,True,False
00-0039150,00-0039150,Unknown,True,True,False
00-0039152,00-0039152,Unknown,True,True,False
00-0039163,00-0039163,Unknown,True,True,False
00-0039164,00-0039164,Unknown,True,True,False
00-0039376,00-0039376,Unknown,True,True,False
00-0039732,00-0039732,Unknown,False,False,False
00-0039851,00-0039851,Unknown,True,False,False
00-0039910,00-0039910,Unknown,True,True,False
00-0039917,00-0039917,Unknown,False,False,False
00-0039918,00-0039918,Unknown,True,True,False
00-0032265,00-0032265,Unknown,True,True,False
00-0033549,00-0033549,Unknown,True,True,False
00-0033551,00-0033551,Unknown,True,True,False
00-0033563,00-0033563,Unknown,True,True,False
00-0033571,00-0033571,Unknown,True,True,False
00-0033579,00-0033579,Unknown,True,True,False
00-0033582,00-0033582,Unknown,True,True,False
00-0033595,00-0033595,Unknown,True,True,False
00-0033716,00-0033716,Unknown,True,False,False
00-0033746,00-0033746,Unknown,True,True,False
00-0033765,00-0033765,Unknown,True,True,False
00-0033782,00-0033782,Unknown,True,True,False
00-0033783,00-0033783,Unknown,True,True,False
00-0033860,00-0033860,Unknown,True,True,False
00-0033874,00-0033874,Unknown,True,True,False
00-0033877,00-0033877,Unknown,True,True,False
00-0033883,00-0033883,Unknown,True,True,False
00-0033886,00-0033886,Unknown,True,True,False
00-0033890,00-0033890,Unknown,True,True,False
00-0033914,00-0033914,Unknown,False,False,False
00-0033927,00-0033927,Unknown,True,True,False
00-0033929,00-0033929,Unknown,True,True,False
00-0033945,00-0033945,Unknown,True,True,False
00-0033964,00-0033964,Unknown,True,True,False
00-0034485,00-0034485,Unknown,True,True,False
00-0034488,00-0034488,Unknown,True,True,False
00-0034490,00-0034490,Unknown,True,True,False
00-0034496,00-0034496,Unknown,True,True,False
00-0034500,00-0034500,Unknown,True,True,False
00-0034514,00-0034514,Unknown,True,True,False
00-0034515,00-0034515,Unknown,True,True,False
00-0034516,00-0034516,Unknown,True,True,False
00-0034527,00-0034527,Unknown,True,True,False
00-0034545,00-0034545,Unknown,True,True,False
00-0034573,00-0034573,Unknown,True,True,False
00-0034577,00-0034577,Unknown,True,True,False
00-0034587,00-0034587,Unknown,True,True,False
00-0034612,00-0034612,Unknown,True,True,False
00-0034623,00-0034623,Unknown,True,True,False
00-0034639,00-0034639,Unknown,True,True,False
00-0034657,00-0034657,Unknown,True,True,False
00-0034673,00-0034673,Unknown,False,False,False
00-0034675,00-0034675,Unknown,True,True,False
00-0034677,00-0034677,Unknown,True,True,False
00-0034720,00-0034720,Unknown,True,True,False
00-0034723,00-0034723,Unknown,True,True,False
00-0034728,00-0034728,Unknown,True,True,False
00-0034754,00-0034754,Unknown,True,True,False
00-0034756,00-0034756,Unknown,True,True,False
00-0034760,00-0034760,Unknown,True,True,False
00-0034773,00-0034773,Unknown,True,True,False
00-0034778,00-0034778,Unknown,True,True,False
00-0034779,00-0034779,Unknown,True,True,False
00-0034780,00-0034780,Unknown,True,True,False
00-0034782,00-0034782,Unknown,True,True,False
00-0034787,00-0034787,Unknown,True,True,False
00-0034789,00-0034789,Unknown,True,True,False
00-0034790,00-0034790,Unknown,True,True,False
00-0034797,00-0034797,Unknown,True,True,False
00-0034800,00-0034800,Unknown,True,True,False
00-0034801,00-0034801,Unknown,True,True,False
00-0034805,00-0034805,Unknown,True,True,False
00-0034807,00-0034807,Unknown,True,True,False
00-0034810,00-0034810,Unknown,True,True,False
00-0034815,00-0034815,Unknown,True,True,False
00-0034818,00-0034818,Unknown,True,True,False
00-0034825,00-0034825,Unknown,True,True,False
00-0034828,00-0034828,Unknown,True,True,False
00-0034831,00-0034831,Unknown,True,True,False
00-0034834,00-0034834,Unknown,True,True,False
00-0034835,00-0034835,Unknown,True,True,False
00-0034842,00-0034842,Unknown,True,True,False
00-0034843,00-0034843,Unknown,True,True,False
00-0034846,00-0034846,Unknown,True,True,False
00-0034856,00-0034856,Unknown,True,True,False
00-0034858,00-0034858,Unknown,False,False,False
00-0034874,00-0034874,Unknown,True,True,False
00-0034902,00-0034902,Unknown,True,True,False
00-0034954,00-0034954,Unknown,True,True,False
00-0034955,00-0034955,Unknown,False,False,False
00-0034966,00-0034966,Unknown,False,False,False
00-0034967,00-0034967,Unknown,True,True,False
00-0034968,00-0034968,Unknown,True,True,False
00-0034973,00-0034973,Unknown,True,True,True
00-0034974,00-0034974,Unknown,True,True,False
00-0034982,00-0034982,Unknown,True,True,False
00-0034987,00-0034987,Unknown,True,True,False
00-0034990,00-0034990,Unknown,True,True,False
00-0034992,00-0034992,Unknown,True,True,False
00-0034993,00-0034993,Unknown,True,True,False
00-0034999,00-0034999,Unknown,True,True,False
00-0035000,00-0035000,Unknown,True,True,False
00-0035020,00-0035020,Unknown,True,True,False
00-0035026,00-0035026,Unknown,True,True,False
00-0035073,00-0035073,Unknown,True,True,False
00-0035076,00-0035076,Unknown,True,True,True
00-0035098,00-0035098,Unknown,True,True,False
00-0035133,00-0035133,Unknown,True,True,False
00-0035142,00-0035142,Unknown,True,True,False
00-0035144,00-0035144,Unknown,True,False,False
00-0035150,00-0035150,Unknown,True,True,False
00-0035157,00-0035157,Unknown,False,False,False
00-0035166,00-0035166,Unknown,True,True,False
00-0035202,00-0035202,Unknown,True,True,False
00-0035227,00-0035227,Unknown,True,True,False
00-0035230,00-0035230,Unknown,True,True,False
00-0035231,00-0035231,Unknown,True,True,False
00-0035236,00-0035236,Unknown,True,True,False
00-0035239,00-0035239,Unknown,True,True,False
00-0035240,00-0035240,Unknown,True,True,False
00-0035241,00-0035241,Unknown,True,True,False
00-0035248,00-0035248,Unknown,False,False,False
00-0035251,00-0035251,Unknown,True,True,False
00-0035253,00-0035253,Unknown,True,True,False
00-0035254,00-0035254,Unknown,True,True,False
00-0035255,00-0035255,Unknown,True,True,False
00-0035262,00-0035262,Unknown,True,True,False
00-0035265,00-0035265,Unknown,False,False,False
00-0035272,00-0035272,Unknown,False,False,False
00-0035276,00-0035276,Unknown,True,False,False
00-0035277,00-0035277,Unknown,False,True,False
00-0035278,00-0035278,Unknown,True,True,False
00-0035279,00-0035279,Unknown,True,True,False
00-0035292,00-0035292,Unknown,True,True,False
00-0035301,00-0035301,Unknown,True,True,False
00-0035316,00-0035316,Unknown,True,True,False
00-0035330,00-0035330,Unknown,True,True,False
00-0035346,00-0035346,Unknown,True,True,False
00-0035352,00-0035352,Unknown,True,True,False
00-0035357,00-0035357,Unknown,True,True,False
00-0035363,00-0035363,Unknown,True,True,False
00-0035378,00-0035378,Unknown,True,True,False
00-0035386,00-0035386,Unknown,True,True,False
00-0035402,00-0035402,Unknown,True,True,False
00-0035409,00-0035409,Unknown,True,True,False
00-0035444,00-0035444,Unknown,True,True,False
00-0035455,00-0035455,Unknown,True,True,False
00-0035525,00-0035525,Unknown,True,True,False
00-0035625,00-0035625,Unknown,True,True,False
00-0035633,00-0035633,Unknown,True,True,False
00-0035636,00-0035636,Unknown,True,True,False
00-0035637,00-0035637,Unknown,True,False,False
00-0035642,00-0035642,Unknown,True,True,False
00-0035643,00-0035643,Unknown,True,True,False
00-0035646,00-0035646,Unknown,True,True,False
00-0035647,00-0035647,Unknown,True,True,False
00-0035655,00-0035655,Unknown,True,True,False
00-0035656,00-0035656,Unknown,True,True,False
00-0035665,00-0035665,Unknown,True,True,False
00-0035667,00-0035667,Unknown,True,True,False
00-0035669,00-0035669,Unknown,True,True,False
00-0035672,00-0035672,Unknown,True,True,False
00-0035674,00-0035674,Unknown,True,True,False
00-0035678,00-0035678,Unknown,True,True,False
00-0035680,00-0035680,Unknown,True,True,False
00-0035681,00-0035681,Unknown,True,True,False
00-0035683,00-0035683,Unknown,True,True,False
00-0035687,00-0035687,Unknown,True,True,False
00-0035692,00-0035692,Unknown,True,True,False
00-0035693,00-0035693,Unknown,True,True,False
00-0035696,00-0035696,Unknown,True,True,False
00-0035697,00-0035697,Unknown,True,True,False
00-0035699,00-0035699,Unknown,True,True,False
00-0035705,00-0035705,Unknown,True,True,False
00-0035707,00-0035707,Unknown,False,False,False
00-0035713,00-0035713,Unknown,True,True,False
00-0035717,00-0035717,Unknown,True,True,False
00-0035718,00-0035718,Unknown,True,True,False
00-0035763,00-0035763,Unknown,True,True,False
00-0035795,00-0035795,Unknown,True,True,False
00-0035841,00-0035841,Unknown,True,True,False
00-0035857,00-0035857,Unknown,True,True,False
00-0035862,00-0035862,Unknown,True,True,False
00-0035890,00-0035890,Unknown,True,True,False
00-0035895,00-0035895,Unknown,True,True,False
00-0035900,00-0035900,Unknown,True,True,False
00-0035903,00-0035903,Unknown,True,True,False
00-0035910,00-0035910,Unknown,True,True,False
00-0035933,00-0035933,Unknown,True,True,False
00-0035942,00-0035942,Unknown,True,True,False
00-0035944,00-0035944,Unknown,True,True,False
00-0035946,00-0035946,Unknown,True,True,False
00-0035961,00-0035961,Unknown,True,True,False
00-0035984,00-0035984,Unknown,False,True,False
00-0036011,00-0036011,Unknown,False,True,False
00-0036037,00-0036037,Unknown,True,True,False
00-0036043,00-0036043,Unknown,True,True,False
00-0036045,00-0036045,Unknown,True,True,False
00-0036050,00-0036050,Unknown,True,True,False
00-0036081,00-0036081,Unknown,True,True,False
00-0036087,00-0036087,Unknown,True,True,False
00-0036090,00-0036090,Unknown,True,True,False
00-0036124,00-0036124,Unknown,True,True,False
00-0036130,00-0036130,Unknown,True,True,False
00-0036151,00-0036151,Unknown,True,True,False
00-0036152,00-0036152,Unknown,True,True,False
00-0036157,00-0036157,Unknown,True,True,False
00-0036159,00-0036159,Unknown,True,True,False
00-0036166,00-0036166,Unknown,True,True,False
00-0036167,00-0036167,Unknown,False,False,False
00-0036181,00-0036181,Unknown,True,True,False
00-0036192,00-0036192,Unknown,True,True,False
00-0036193,00-0036193,Unknown,True,True,False
00-0036197,00-0036197,Unknown,True,False,False
00-0036199,00-0036199,Unknown,True,True,False
00-0036204,00-0036204,Unknown,True,True,False
00-0036213,00-0036213,Unknown,True,True,False
00-0036220,00-0036220,Unknown,True,True,False
00-0036221,00-0036221,Unknown,True,True,False
00-0036222,00-0036222,Unknown,True,True,False
00-0036224,00-0036224,Unknown,True,True,False
00-0036231,00-0036231,Unknown,True,True,False
00-0036235,00-0036235,Unknown,True,True,False
00-0036237,00-0036237,Unknown,True,True,False
00-0036249,00-0036249,Unknown,True,True,False
00-0036253,00-0036253,Unknown,False,False,False
00-0036260,00-0036260,Unknown,True,True,False
00-0036262,00-0036262,Unknown,True,True,False
00-0036266,00-0036266,Unknown,True,True,False
00-0036274,00-0036274,Unknown,True,True,False
00-0036280,00-0036280,Unknown,True,True,False
00-0036281,00-0036281,Unknown,True,True,False
00-0036282,00-0036282,Unknown,True,True,False
00-0036285,00-0036285,Unknown,True,True,False
00-0036286,00-0036286,Unknown,True,True,False
00-0036287,00-0036287,Unknown,True,True,False
00-0036288,00-0036288,Unknown,True,True,False
00-0036289,00-0036289,Unknown,True,True,False
00-0036291,00-0036291,Unknown,True,False,False
00-0036292,00-0036292,Unknown,True,True,False
00-0036293,00-0036293,Unknown,True,True,False
00-0036294,00-0036294,Unknown,True,True,False
00-0036298,00-0036298,Unknown,False,True,False
00-0036299,00-0036299,Unknown,True,True,False
00-0036300,00-0036300,Unknown,False,False,False
00-0036302,00-0036302,Unknown,False,False,False
00-0036306,00-0036306,Unknown,True,True,False
00-0036307,00-0036307,Unknown,True,True,False
00-0036314,00-0036314,Unknown,True,True,False
00-0036315,00-0036315,Unknown,True,True,False
00-0036321,00-0036321,Unknown,True,True,False
00-0036323,00-0036323,Unknown,True,True,False
00-0036329,00-0036329,Unknown,False,False,False
00-0036333,00-0036333,Unknown,True,True,False
00-0036335,00-0036335,Unknown,True,True,False
00-0036337,00-0036337,Unknown,True,True,True
00-0036338,00-0036338,Unknown,True,True,False
00-0036343,00-0036343,Unknown,True,True,False
00-0036348,00-0036348,Unknown,True,True,False
00-0036349,00-0036349,Unknown,True,True,False
00-0036351,00-0036351,Unknown,True,True,False
00-0036356,00-0036356,Unknown,True,True,False
00-0036362,00-0036362,Unknown,True,False,False
00-0036366,00-0036366,Unknown,True,True,False
00-0036371,00-0036371,Unknown,True,True,False
00-0036374,00-0036374,Unknown,True,True,False
00-0036375,00-0036375,Unknown,True,True,False
00-0036378,00-0036378,Unknown,True,True,False
00-0036380,00-0036380,Unknown,True,True,False
00-0036388,00-0036388,Unknown,True,True,False
00-0036394,00-0036394,Unknown,True,True,False
00-0036395,00-0036395,Unknown,False,False,False
00-0036400,00-0036400,Unknown,True,True,False
00-0036402,00-0036402,Unknown,True,True,True
00-0036409,00-0036409,Unknown,True,True,False
00-0036411,00-0036411,Unknown,True,True,False
00-0036413,00-0036413,Unknown,True,True,False
00-0036416,00-0036416,Unknown,True,True,False
00-0036418,00-0036418,Unknown,True,True,False
00-0036421,00-0036421,Unknown,True,True,False
00-0036428,00-0036428,Unknown,True,True,False
00-0036430,00-0036430,Unknown,False,True,False
00-0036431,00-0036431,Unknown,True,True,False
00-0036479,00-0036479,Unknown,True,True,False
00-0036480,00-0036480,Unknown,True,True,False
00-0036500,00-0036500,Unknown,True,True,False
00-0036501,00-0036501,Unknown,True,True,False
00-0036502,00-0036502,Unknown,True,True,False
00-0036504,00-0036504,Unknown,False,True,False
00-0036507,00-0036507,Unknown,True,True,False
00-0036511,00-0036511,Unknown,True,True,False
00-0036552,00-0036552,Unknown,True,True,False
00-0036553,00-0036553,Unknown,True,True,False
00-0036558,00-0036558,Unknown,True,True,False
00-0036559,00-0036559,Unknown,True,True,False
00-0036563,00-0036563,Unknown,True,True,False
00-0036564,00-0036564,Unknown,True,True,False
00-0036568,00-0036568,Unknown,True,True,False
00-0036576,00-0036576,Unknown,True,True,False
00-0036587,00-0036587,Unknown,False,True,False
00-0036589,00-0036589,Unknown,True,True,False
00-0036615,00-0036615,Unknown,True,True,False
00-0036617,00-0036617,Unknown,True,True,False
00-0036621,00-0036621,Unknown,True,True,False
00-0036624,00-0036624,Unknown,True,True,False
00-0036625,00-0036625,Unknown,True,True,False
00-0036629,00-0036629,Unknown,True,True,False
00-0036638,00-0036638,Unknown,True,True,False
00-0036642,00-0036642,Unknown,True,True,False
00-0036643,00-0036643,Unknown,True,True,False
00-0036644,00-0036644,Unknown,True,True,False
00-0036645,00-0036645,Unknown,True,True,False
00-0036648,00-0036648,Unknown,True,True,False
00-0036649,00-0036649,Unknown,True,True,False
00-0036658,00-0036658,Unknown,True,True,False
00-0036661,00-0036661,Unknown,True,True,False
00-0036672,00-0036672,Unknown,True,True,False
00-0036677,00-0036677,Unknown,False,True,False
00-0036682,00-0036682,Unknown,True,True,False
00-0036683,00-0036683,Unknown,False,True,False
00-0036695,00-0036695,Unknown,True,True,False
00-0036704,00-0036704,Unknown,True,True,False
00-0036705,00-0036705,Unknown,True,True,False
00-0036711,00-0036711,Unknown,True,True,False
00-0036716,00-0036716,Unknown,True,True,False
00-0036767,00-0036767,Unknown,True,True,False
00-0036802,00-0036802,Unknown,True,True,False
00-0036813,00-0036813,Unknown,True,True,False
00-0036843,00-0036843,Unknown,True,True,False
00-0036844,00-0036844,Unknown,True,True,False
00-0036850,00-0036850,Unknown,True,True,False
00-0036870,00-0036870,Unknown,True,True,False
00-0036871,00-0036871,Unknown,True,True,False
00-0036874,00-0036874,Unknown,True,True,False
00-0036878,00-0036878,Unknown,True,True,False
00-0036879,00-0036879,Unknown,False,False,False
00-0036881,00-0036881,Unknown,True,True,False
00-0036882,00-0036882,Unknown,True,True,False
00-0036883,00-0036883,Unknown,True,True,False
00-0036884,00-0036884,Unknown,False,True,False
00-0036885,00-0036885,Unknown,True,True,False
00-0036888,00-0036888,Unknown,True,True,False
00-0036896,00-0036896,Unknown,True,True,False
00-0036898,00-0036898,Unknown,True,False,False
00-0036901,00-0036901,Unknown,True,True,False
00-0036902,00-0036902,Unknown,True,True,False
00-0036903,00-0036903,Unknown,True,True,False
00-0036904,00-0036904,Unknown,True,True,False
00-0036909,00-0036909,Unknown,True,True,False
00-0036914,00-0036914,Unknown,True,True,False
00-0036915,00-0036915,Unknown,False,True,False
00-0036916,00-0036916,Unknown,True,True,False
00-0036920,00-0036920,Unknown,True,True,False
00-0036922,00-0036922,Unknown,True,True,False
00-0036926,00-0036926,Unknown,True,True,False
00-0036927,00-0036927,Unknown,True,True,False
00-0036928,00-0036928,Unknown,True,True,False
00-0036932,00-0036932,Unknown,True,True,False
00-0036933,00-0036933,Unknown,True,True,False
00-0036937,00-0036937,Unknown,True,True,False
00-0036938,00-0036938,Unknown,True,True,False
00-0036940,00-0036940,Unknown,True,True,False
00-0036941,00-0036941,Unknown,True,True,False
00-0036942,00-0036942,Unknown,True,True,False
00-0036944,00-0036944,Unknown,False,False,False
00-0036948,00-0036948,Unknown,True,True,False
00-0036952,00-0036952,Unknown,True,True,False
00-0036954,00-0036954,Unknown,True,True,False
00-0036961,00-0036961,Unknown,True,True,False
00-0036962,00-0036962,Unknown,True,True,False
00-0036964,00-0036964,Unknown,True,True,False
00-0036967,00-0036967,Unknown,False,False,False
00-0036974,00-0036974,Unknown,False,True,False
00-0036981,00-0036981,Unknown,True,True,False
00-0036982,00-0036982,Unknown,True,True,False
00-0036986,00-0036986,Unknown,True,True,False
00-0036987,00-0036987,Unknown,True,True,False
00-0036989,00-0036989,Unknown,True,True,False
00-0036990,00-0036990,Unknown,True,True,False
00-0036992,00-0036992,Unknown,True,True,False
00-0036993,00-0036993,Unknown,True,True,False
00-0036994,00-0036994,Unknown,True,True,False
00-0036995,00-0036995,Unknown,True,True,False
00-0036996,00-0036996,Unknown,True,True,False
00-0036998,00-0036998,Unknown,True,True,False
00-0037000,00-0037000,Unknown,True,True,False
00-0037003,00-0037003,Unknown,False,False,False
00-0037007,00-0037007,Unknown,True,True,False
00-0037008,00-0037008,Unknown,True,True,False
00-0037034,00-0037034,Unknown,True,True,False
00-0037051,00-0037051,Unknown,True,True,False
00-0037057,00-0037057,Unknown,True,True,False
00-0037073,00-0037073,Unknown,True,True,False
00-0037074,00-0037074,Unknown,True,True,False
00-0037075,00-0037075,Unknown,True,True,False
00-0037079,00-0037079,Unknown,True,True,False
00-0037080,00-0037080,Unknown,True,True,False
00-0037082,00-0037082,Unknown,True,True,False
00-0037083,00-0037083,Unknown,True,True,False
00-0037084,00-0037084,Unknown,True,True,False
00-0037094,00-0037094,Unknown,False,False,False
00-0037096,00-0037096,Unknown,True,True,False
00-0037106,00-0037106,Unknown,True,True,False
00-0037109,00-0037109,Unknown,False,False,False
00-0037129,00-0037129,Unknown,True,True,False
00-0037130,00-0037130,Unknown,False,False,False
00-0037137,00-0037137,Unknown,True,True,False
00-0037141,00-0037141,Unknown,True,True,False
00-0037152,00-0037152,Unknown,True,True,False
00-0037155,00-0037155,Unknown,True,True,False
00-0037179,00-0037179,Unknown,True,True,False
00-0037184,00-0037184,Unknown,True,True,False
00-0037190,00-0037190,Unknown,False,False,False
00-0037191,00-0037191,Unknown,True,True,False
00-0037192,00-0037192,Unknown,True,False,False
00-0037193,00-0037193,Unknown,True,True,False
00-0037195,00-0037195,Unknown,True,True,False
00-0037198,00-0037198,Unknown,True,True,False
00-0037203,00-0037203,Unknown,True,True,False
00-0037205,00-0037205,Unknown,True,True,False
00-0037208,00-0037208,Unknown,True,True,False
00-0037235,00-0037235,Unknown,True,True,False
00-0037236,00-0037236,Unknown,True,True,False
00-0037237,00-0037237,Unknown,True,True,False
00-0037242,00-0037242,Unknown,True,True,False
00-0037244,00-0037244,Unknown,True,True,False
00-0037245,00-0037245,Unknown,True,True,False
00-0037246,00-0037246,Unknown,True,True,False
00-0037249,00-0037249,Unknown,True,True,False
00-0037250,00-0037250,Unknown,True,True,False
00-0037251,00-0037251,Unknown,True,True,False
00-0037254,00-0037254,Unknown,True,True,False
00-0037259,00-0037259,Unknown,True,True,False
00-0037260,00-0037260,Unknown,True,True,False
00-0037262,00-0037262,Unknown,True,True,False
00-0037268,00-0037268,Unknown,True,True,False
00-0037269,00-0037269,Unknown,True,True,False
00-0037270,00-0037270,Unknown,True,True,False
00-0037275,00-0037275,Unknown,True,True,False
00-0037280,00-0037280,Unknown,True,True,False
00-0037281,00-0037281,Unknown,True,True,False
00-0037283,00-0037283,Unknown,True,True,False
00-0037285,00-0037285,Unknown,True,True,False
00-0037288,00-0037288,Unknown,True,True,False
00-0037289,00-0037289,Unknown,True,True,False
00-0037293,00-0037293,Unknown,True,True,False
00-0037294,00-0037294,Unknown,True,True,False
00-0037296,00-0037296,Unknown,True,True,False
00-0037298,00-0037298,Unknown,True,True,False
00-0037301,00-0037301,Unknown,True,True,False
00-0037303,00-0037303,Unknown,True,True,False
00-0037307,00-0037307,Unknown,True,True,False
00-0037310,00-0037310,Unknown,True,True,False
00-0037313,00-0037313,Unknown,False,False,False
00-0037315,00-0037315,Unknown,True,True,False
00-0037316,00-0037316,Unknown,True,True,False
00-0037320,00-0037320,Unknown,True,True,False
00-0037321,00-0037321,Unknown,True,True,False
00-0037323,00-0037323,Unknown,True,True,False
00-0037327,00-0037327,Unknown,True,True,False
00-0037330,00-0037330,Unknown,True,True,False
00-0037332,00-0037332,Unknown,True,True,False
00-0037353,00-0037353,Unknown,True,True,False
00-0037356,00-0037356,Unknown,True,True,False
00-0037364,00-0037364,Unknown,True,True,False
00-0037375,00-0037375,Unknown,True,True,False
00-0037383,00-0037383,Unknown,True,True,False
00-0037384,00-0037384,Unknown,True,True,False
00-0037392,00-0037392,Unknown,True,False,False
00-0037393,00-0037393,Unknown,True,True,False
00-0037431,00-0037431,Unknown,True,True,False
00-0037447,00-0037447,Unknown,True,True,False
00-0037459,00-0037459,Unknown,True,True,False
00-0037461,00-0037461,Unknown,True,True,False
00-0037469,00-0037469,Unknown,True,True,False
00-0037474,00-0037474,Unknown,True,True,False
00-0037481,00-0037481,Unknown,False,False,False
00-0037493,00-0037493,Unknown,True,True,False
00-0037512,00-0037512,Unknown,True,True,False
00-0037516,00-0037516,Unknown,True,True,False
00-0037517,00-0037517,Unknown,True,True,False
00-0037522,00-0037522,Unknown,True,True,False
00-0037526,00-0037526,Unknown,True,True,False
00-0037527,00-0037527,Unknown,True,True,False
00-0037544,00-0037544,Unknown,True,True,False
00-0037549,00-0037549,Unknown,True,True,False
00-0037560,00-0037560,Unknown,True,True,False
00-0037561,00-0037561,Unknown,True,True,False
00-0037578,00-0037578,Unknown,True,True,False
00-0037587,00-0037587,Unknown,True,True,False
00-0037593,00-0037593,Unknown,True,True,False
00-0037602,00-0037602,Unknown,True,True,False
00-0037608,00-0037608,Unknown,True,True,False
00-0037611,00-0037611,Unknown,True,True,False
00-0037616,00-0037616,Unknown,True,True,False
00-0037633,00-0037633,Unknown,True,True,False
00-0037661,00-0037661,Unknown,True,True,False
00-0037663,00-0037663,Unknown,True,True,False
00-0037665,00-0037665,Unknown,True,True,False
00-0037667,00-0037667,Unknown,True,True,False
00-0037743,00-0037743,Unknown,True,True,False
00-0037751,00-0037751,Unknown,True,True,False
00-0037752,00-0037752,Unknown,True,True,False
00-0037753,00-0037753,Unknown,False,False,False
00-0037756,00-0037756,Unknown,True,True,False
00-0037758,00-0037758,Unknown,True,True,False
00-0037799,00-0037799,Unknown,True,True,False
00-0037808,00-0037808,Unknown,True,True,False
00-0037811,00-0037811,Unknown,False,False,False
00-0037813,00-0037813,Unknown,True,True,False
00-0037815,00-0037815,Unknown,True,True,False
00-0037819,00-0037819,Unknown,False,False,False
00-0037822,00-0037822,Unknown,True,True,False
00-0037823,00-0037823,Unknown,True,True,False
00-0037830,00-0037830,Unknown,True,True,False
00-0037832,00-0037832,Unknown,True,True,False
00-0037839,00-0037839,Unknown,True,True,False
00-0037841,00-0037841,Unknown,True,True,False
00-0037842,00-0037842,Unknown,True,False,False
00-0037843,00-0037843,Unknown,True,True,False
00-0037844,00-0037844,Unknown,True,True,False
00-0038038,00-0038038,Unknown,False,False,False
00-0038039,00-0038039,Unknown,True,True,False
00-0038043,00-0038043,Unknown,False,False,False
00-0038093,00-0038093,Unknown,True,True,False
00-0038096,00-0038096,Unknown,True,True,False
00-0038099,00-0038099,Unknown,True,True,False
00-0038100,00-0038100,Unknown,False,False,False
00-0038101,00-0038101,Unknown,True,True,False
00-0038105,00-0038105,Unknown,True,True,False
00-0038107,00-0038107,Unknown,True,True,False
00-0038111,00-0038111,Unknown,True,True,False
00-0038116,00-0038116,Unknown,True,True,False
00-0038121,00-0038121,Unknown,True,True,False
00-0038123,00-0038123,Unknown,True,True,False
00-0038125,00-0038125,Unknown,True,True,False
00-0038127,00-0038127,Unknown,True,True,False
00-0038130,00-0038130,Unknown,True,True,False
00-0038133,00-0038133,Unknown,True,True,False
00-0038135,00-0038135,Unknown,True,True,False
00-0038136,00-0038136,Unknown,True,True,False
00-0038142,00-0038142,Unknown,True,True,False
00-0038150,00-0038150,Unknown,True,True,False
00-0038386,00-0038386,Unknown,True,True,False
00-0038387,00-0038387,Unknown,True,True,False
00-0038390,00-0038390,Unknown,True,True,False
00-0038391,00-0038391,Unknown,True,True,False
00-0038395,00-0038395,Unknown,True,True,False
00-0038398,00-0038398,Unknown,True,True,False
00-0038401,00-0038401,Unknown,True,True,False
00-0038403,00-0038403,Unknown,False,True,False
00-0038404,00-0038404,Unknown,True,True,False
00-0038407,00-0038407,Unknown,False,False,False
00-0038408,00-0038408,Unknown,True,True,False
00-0038411,00-0038411,Unknown,False,False,False
00-0038412,00-0038412,Unknown,True,True,False
00-0038413,00-0038413,Unknown,True,True,False
00-0038462,00-0038462,Unknown,True,True,False
00-0038463,00-0038463,Unknown,True,True,False
00-0038475,00-0038475,Unknown,True,True,False
00-0038479,00-0038479,Unknown,True,True,False
00-0038482,00-0038482,Unknown,True,True,False
00-0038487,00-0038487,Unknown,False,True,False
00-0038489,00-0038489,Unknown,False,False,False
00-0038504,00-0038504,Unknown,True,True,False
00-0038505,00-0038505,Unknown,True,True,False
00-0038506,00-0038506,Unknown,True,True,False
00-0038513,00-0038513,Unknown,True,True,False
00-0038514,00-0038514,Unknown,False,False,False
00-0038535,00-0038535,Unknown,True,False,False
00-0038541,00-0038541,Unknown,False,True,False
00-0038545,00-0038545,Unknown,True,True,False
00-0038546,00-0038546,Unknown,True,True,False
00-0038549,00-0038549,Unknown,True,True,False
00-0038553,00-0038553,Unknown,True,True,False
00-0038554,00-0038554,Unknown,True,True,False
00-0038557,00-0038557,Unknown,True,True,False
00-0038560,00-0038560,Unknown,False,True,False
00-0038572,00-0038572,Unknown,True,True,False
00-0038577,00-0038577,Unknown,True,True,False
00-0038578,00-0038578,Unknown,True,True,False
00-0038580,00-0038580,Unknown,True,True,False
00-0038581,00-0038581,Unknown,True,True,False
00-0038582,00-0038582,Unknown,True,True,False
00-0038587,00-0038587,Unknown,True,True,False
00-0038588,00-0038588,Unknown,True,True,False
00-0038591,00-0038591,Unknown,True,True,False
00-0038594,00-0038594,Unknown,True,True,False
00-0038599,00-0038599,Unknown,True,True,False
00-0038600,00-0038600,Unknown,True,True,False
00-0038603,00-0038603,Unknown,True,True,False
00-0038614,00-0038614,Unknown,True,True,True
00-0038617,00-0038617,Unknown,True,True,False
00-0038623,00-0038623,Unknown,True,True,False
00-0038624,00-0038624,Unknown,True,True,False
00-0038641,00-0038641,Unknown,True,True,False
00-0038642,00-0038642,Unknown,True,True,False
00-0038646,00-0038646,Unknown,True,True,False
00-0038648,00-0038648,Unknown,True,True,False
00-0038653,00-0038653,Unknown,True,True,False
00-0038660,00-0038660,Unknown,True,True,False
00-0038661,00-0038661,Unknown,True,True,False
00-0038674,00-0038674,Unknown,False,False,False
00-0038684,00-0038684,Unknown,False,False,False
00-0038724,00-0038724,Unknown,True,True,False
00-0038737,00-0038737,Unknown,True,True,False
00-0038765,00-0038765,Unknown,True,True,False
00-0038778,00-0038778,Unknown,True,True,False
00-0038782,00-0038782,Unknown,True,True,False
00-0038788,00-0038788,Unknown,True,True,False
00-0038791,00-0038791,Unknown,True,True,False
00-0038795,00-0038795,Unknown,True,True,False
00-0038801,00-0038801,Unknown,True,True,False
00-0038807,00-0038807,Unknown,True,True,False
00-0038811,00-0038811,Unknown,True,True,False
00-0038812,00-0038812,Unknown,True,True,False
00-0038820,00-0038820,Unknown,True,True,False
00-0038823,00-0038823,Unknown,True,True,False
00-0038835,00-0038835,Unknown,True,True,False
00-0038841,00-0038841,Unknown,True,True,False
00-0038845,00-0038845,Unknown,True,False,False
00-0038853,00-0038853,Unknown,False,False,False
00-0038866,00-0038866,Unknown,True,True,False
00-0038877,00-0038877,Unknown,True,True,False
00-0038908,00-0038908,Unknown,True,True,False
00-0038922,00-0038922,Unknown,True,True,False
00-0038937,00-0038937,Unknown,True,True,False
00-0038940,00-0038940,Unknown,True,True,False
00-0038961,00-0038961,Unknown,True,True,False
00-0038966,00-0038966,Unknown,False,True,False
00-0038980,00-0038980,Unknown,True,True,False
00-0038982,00-0038982,Unknown,True,True,False
00-0038984,00-0038984,Unknown,False,True,False
00-0038985,00-0038985,Unknown,True,True,False
00-0038986,00-0038986,Unknown,True,True,False
00-0038995,00-0038995,Unknown,True,True,False
00-0038998,00-0038998,Unknown,False,False,False
00-0039000,00-0039000,Unknown,True,True,False
00-0039002,00-0039002,Unknown,True,True,False
00-0039003,00-0039003,Unknown,True,True,False
00-0039006,00-0039006,Unknown,True,True,False
00-0039007,00-0039007,Unknown,True,True,False
00-0039009,00-0039009,Unknown,True,True,False
00-0039013,00-0039013,Unknown,True,True,False
00-0039018,00-0039018,Unknown,True,True,False
00-0039031,00-0039031,Unknown,True,True,False
00-0039047,00-0039047,Unknown,True,True,False
00-0039049,00-0039049,Unknown,True,True,False
00-0039051,00-0039051,Unknown,True,True,False
00-0039054,00-0039054,Unknown,True,True,False
00-0039061,00-0039061,Unknown,True,True,False
00-0039063,00-0039063,Unknown,True,True,False
00-0039068,00-0039068,Unknown,False,False,False
00-0039070,00-0039070,Unknown,False,False,False
00-0039071,00-0039071,Unknown,True,True,False
00-0039072,00-0039072,Unknown,True,True,False
00-0039076,00-0039076,Unknown,True,True,False
00-0039108,00-0039108,Unknown,True,True,False
00-0039110,00-0039110,Unknown,False,False,False
00-0039111,00-0039111,Unknown,True,True,False
00-0039112,00-0039112,Unknown,False,False,False
00-0039137,00-0039137,Unknown,True,True,False
00-0039138,00-0039138,Unknown,True,True,False
00-0039140,00-0039140,Unknown,True,True,False
00-0039141,00-0039141,Unknown,True,True,False
00-0039142,00-0039142,Unknown,True,True,False
00-0039143,00-0039143,Unknown,True,True,False
00-0039148,00-0039148,Unknown,True,False,False
00-0039149,00-0039149,Unknown,True,True,False
00-0039155,00-0039155,Unknown,True,True,False
00-0039156,00-0039156,Unknown,True,True,False
00-0039167,00-0039167,Unknown,True,True,False
00-0039169,00-0039169,Unknown,True,True,False
00-0039234,00-0039234,Unknown,True,True,False
00-0039235,00-0039235,Unknown,True,True,False
00-0039285,00-0039285,Unknown,True,True,False
00-0039289,00-0039289,Unknown,True,True,False
00-0039292,00-0039292,Unknown,True,True,False
00-0039309,00-0039309,Unknown,True,True,False
00-0039313,00-0039313,Unknown,True,True,True
00-0039324,00-0039324,Unknown,False,False,False
00-0039340,00-0039340,Unknown,True,True,False
00-0039343,00-0039343,Unknown,False,False,False
00-0039345,00-0039345,Unknown,True,True,False
00-0039346,00-0039346,Unknown,False,False,False
00-0039352,00-0039352,Unknown,True,True,False
00-0039353,00-0039353,Unknown,True,True,False
00-0039354,00-0039354,Unknown,True,True,False
00-0039357,00-0039357,Unknown,False,True,False
00-0039360,00-0039360,Unknown,False,False,False
00-0039366,00-0039366,Unknown,True,True,False
00-0039367,00-0039367,Unknown,True,True,False
00-0039369,00-0039369,Unknown,False,True,False
00-0039371,00-0039371,Unknown,True,True,False
00-0039372,00-0039372,Unknown,True,True,False
00-0039374,00-0039374,Unknown,False,True,False
00-0039375,00-0039375,Unknown,True,True,False
00-0039377,00-0039377,Unknown,True,True,False
00-0039378,00-0039378,Unknown,True,True,False
00-0039390,00-0039390,Unknown,True,True,False
00-0039398,00-0039398,Unknown,True,True,False
00-0039402,00-0039402,Unknown,False,True,False
00-0039406,00-0039406,Unknown,True,True,False
00-0039412,00-0039412,Unknown,True,True,False
00-0039413,00-0039413,Unknown,False,True,False
00-0039414,00-0039414,Unknown,True,True,False
00-0039417,00-0039417,Unknown,True,True,False
00-0039423,00-0039423,Unknown,True,True,False
00-0039430,00-0039430,Unknown,True,True,False
00-0039431,00-0039431,Unknown,True,True,False
00-0039435,00-0039435,Unknown,True,True,False
00-0039453,00-0039453,Unknown,False,False,False
00-0039454,00-0039454,Unknown,True,True,False
00-0039457,00-0039457,Unknown,True,True,False
00-0039539,00-0039539,Unknown,True,True,False
00-0039586,00-0039586,Unknown,False,True,False
00-0039601,00-0039601,Unknown,True,True,False
00-0039610,00-0039610,Unknown,True,True,False
00-0039620,00-0039620,Unknown,True,True,False
00-0039622,00-0039622,Unknown,False,False,False
00-0039637,00-0039637,Unknown,True,True,False
00-0039640,00-0039640,Unknown,True,True,False
00-0039660,00-0039660,Unknown,True,True,False
00-0039676,00-0039676,Unknown,True,True,False
00-0039692,00-0039692,Unknown,True,True,False
00-0039718,00-0039718,Unknown,True,True,False
00-0039734,00-0039734,Unknown,True,True,False
00-0039740,00-0039740,Unknown,True,True,False
00-0039741,00-0039741,Unknown,True,True,False
00-0039749,00-0039749,Unknown,True,True,False
00-0039763,00-0039763,Unknown,False,True,False
00-0039764,00-0039764,Unknown,True,True,False
00-0039772,00-0039772,Unknown,True,True,False
00-0039774,00-0039774,Unknown,True,True,False
00-0039776,00-0039776,Unknown,True,True,False
00-0039789,00-0039789,Unknown,True,True,False
00-0039795,00-0039795,Unknown,True,True,False
00-0039807,00-0039807,Unknown,True,True,False
00-0039809,00-0039809,Unknown,False,False,False
00-0039812,00-0039812,Unknown,True,True,False
00-0039813,00-0039813,Unknown,True,True,False
00-0039815,00-0039815,Unknown,True,True,False
00-0039818,00-0039818,Unknown,False,True,False
00-0039821,00-0039821,Unknown,True,True,False
00-0039825,00-0039825,Unknown,True,True,False
00-0039826,00-0039826,Unknown,True,True,False
00-0039829,00-0039829,Unknown,True,True,False
00-0039834,00-0039834,Unknown,True,True,False
00-0039838,00-0039838,Unknown,True,True,False
00-0039840,00-0039840,Unknown,True,True,False
00-0039841,00-0039841,Unknown,False,False,False
00-0039850,00-0039850,Unknown,True,True,False
00-0039852,00-0039852,Unknown,True,True,False
00-0039854,00-0039854,Unknown,True,True,False
00-0039858,00-0039858,Unknown,True,True,False
00-0039864,00-0039864,Unknown,True,True,False
00-0039867,00-0039867,Unknown,True,True,False
00-0039872,00-0039872,Unknown,False,False,False
00-0039878,00-0039878,Unknown,True,True,False
00-0039879,00-0039879,Unknown,True,True,False
00-0039881,00-0039881,Unknown,True,True,False
00-0039886,00-0039886,Unknown,True,True,False
00-0039888,00-0039888,Unknown,True,True,False
00-0039889,00-0039889,Unknown,False,False,False
00-0039895,00-0039895,Unknown,True,True,False
00-0039900,00-0039900,Unknown,True,True,False
00-0039902,00-0039902,Unknown,True,True,False
00-0039903,00-0039903,Unknown,True,True,False
00-0039906,00-0039906,Unknown,True,True,False
00-0039911,00-0039911,Unknown,True,True,False
00-0039924,00-0039924,Unknown,True,True,False
